record_id_eia,record_id_ferc1,signature_1,notes
2707_hy_2018_plant_prime_mover_total_3046,f1_hydro_2018_12_17_0_1,OIU,
2707_hy_2019_plant_prime_mover_total_3046,f1_hydro_2019_12_17_0_1,OIU,
3266_2019_plant_total_5416_retired,f1_hydro_2019_12_45_2_1,OIU,
6113_2018_plant_owned_15470,f1_steam_2018_12_144_0_3,OIU,
1001_gt_2018_plant_prime_mover_total_15470,f1_steam_2018_12_144_0_4,OIU,
1001_ic_2018_plant_prime_mover_total_15470,f1_steam_2018_12_144_0_5,OIU,
1008_2_2018_plant_unit_total_15470,f1_steam_2018_12_144_1_3,OIU,FERC capacities and generation are from R Gallagher generators 2 & 4.
1001_st_2018_plant_prime_mover_total_15470,f1_steam_2018_12_144_1_4,OIU,
7763_2018_plant_total_15470,f1_steam_2018_12_144_1_5,OIU,
1002_2018_plant_total_15470,f1_steam_2018_12_144_2_3,OIU,
6018_2018_plant_total_55729,f1_steam_2018_12_178_0_1,OIU,
2706_st_2018_plant_prime_mover_total_3046,f1_steam_2018_12_17_0_1,OIU,
6014_2018_plant_total_3046,f1_steam_2018_12_17_1_4,OIU,
2706_gt_2018_plant_prime_mover_total_3046,f1_steam_2018_12_17_2_2,OIU,
2707_gt_2018_plant_prime_mover_total_3046,f1_steam_2018_12_17_2_3,OIU,
8042_2018_plant_total_5416,f1_steam_2018_12_45_0_1,OIU,
2718_2018_plant_total_5416,f1_steam_2018_12_45_0_3,OIU,
2723_st_2018_plant_prime_mover_owned_5416_retired,f1_steam_2018_12_45_1_1,OIU,
2723_gt_2018_plant_prime_mover_owned_5416_retired,f1_steam_2018_12_45_1_2,OIU,
6036_2018_plant_owned_5416,f1_steam_2018_12_45_3_2,OIU,
2720_ca_2018_plant_prime_mover_total_5416,f1_steam_2018_12_45_3_5,OIU,
2723_ct8_2018_plant_gen_total_5416,f1_steam_2018_12_45_4_1,OIU,
8048_2018_plant_total_6455,f1_steam_2018_12_55_0_1,OIU,
624_2018_plant_total_6455,f1_steam_2018_12_55_1_4,OIU,
627_2018_plant_total_6455,f1_steam_2018_12_55_2_1,OIU,
6046_10_2018_plant_gen_total_6455,f1_steam_2018_12_55_2_2,OIU,
6113_2019_plant_owned_15470,f1_steam_2019_12_144_0_3,OIU,
1001_gt_2019_plant_prime_mover_total_15470,f1_steam_2019_12_144_0_4,OIU,
1001_ic_2019_plant_prime_mover_total_15470,f1_steam_2019_12_144_0_5,OIU,
1008_2_2019_plant_unit_total_15470,f1_steam_2019_12_144_1_3,OIU,
1001_st_2019_plant_prime_mover_total_15470,f1_steam_2019_12_144_1_4,OIU,
7763_2019_plant_total_15470,f1_steam_2019_12_144_1_5,OIU,
1002_2019_plant_total_15470_retired,f1_steam_2019_12_144_2_3,OIU,
1004_ca_2019_plant_prime_mover_total_15470,f1_steam_2019_12_144_3_1,OIU,
6018_2019_plant_total_55729,f1_steam_2019_12_178_0_1,OIU,
2706_st_2019_plant_prime_mover_total_3046,f1_steam_2019_12_17_0_1,OIU,
6014_2019_plant_total_3046,f1_steam_2019_12_17_1_4,OIU,
2706_gt_2019_plant_prime_mover_total_3046,f1_steam_2019_12_17_2_2,OIU,
2707_gt_2019_plant_prime_mover_total_3046,f1_steam_2019_12_17_2_3,OIU,
3250_1_2019_plant_gen_total_3046,f1_steam_2019_12_17_3_3,OIU,
8042_2019_plant_total_5416,f1_steam_2019_12_45_0_1,OIU,
2718_2019_plant_total_5416,f1_steam_2019_12_45_0_3,OIU,
2723_6_2019_plant_gen_total_5416_retired,f1_steam_2019_12_45_1_2,OIU,
6036_2019_plant_owned_5416,f1_steam_2019_12_45_3_2,OIU,
2720_ca_2019_plant_prime_mover_total_5416,f1_steam_2019_12_45_3_5,OIU,
2723_ct8_2019_plant_gen_total_5416,f1_steam_2019_12_45_4_1,OIU,
624_2019_plant_total_6455,f1_steam_2019_12_55_1_1,OIU,
627_2019_plant_total_6455,f1_steam_2019_12_55_1_3,OIU,
6046_10_2019_plant_gen_total_6455,f1_steam_2019_12_55_1_4,OIU,
8048_2019_plant_total_6455,f1_steam_2019_12_55_2_4,OIU,
628_3_2019_plant_unit_total_6455,f1_steam_2019_12_55_2_5,OIU,generation and installation years match. But not capacities.
1005_2018_plant_total_15470,f1_hydro_2018_12_144_0_1,OIU,
2720_gt_2018_plant_prime_mover_total_5416_retired,f1_steam_2018_12_45_2_2,OIU,Not much to compare. Goof enough match because of name and installation year
2720_st_2018_plant_prime_mover_total_5416_retired,f1_steam_2018_12_45_2_1,OIU,Not much to compare. Goof enough match because of name and installation year
2727_2018_plant_total_5416,f1_steam_2018_12_45_0_2,OIU,
2732_gt_2018_plant_prime_mover_total_5416_retired,f1_steam_2018_12_45_1_5,OIU,Not much to compare. Goof enough match because of name and installation year
2732_st_2018_plant_prime_mover_total_5416_retired,f1_steam_2018_12_45_1_4,OIU,Not much to compare. Goof enough match because of name and installation year
3264_GT_2018_plant_prime_mover_total_5416,f1_steam_2018_12_45_0_5,OIU,
3264_4_2018_plant_unit_total_5416,f1_steam_2018_12_45_4_2,OIU,Best guess
3265_2018_plant_total_5416,f1_steam_2018_12_45_2_5,OIU,
55116_2018_plant_total_5416,f1_steam_2018_12_45_3_4,OIU,
55412_2018_plant_total_6455,f1_steam_2018_12_55_1_2,OIU,
6038_2018_plant_total_5416,f1_steam_2018_12_45_3_1,OIU,
628_3_2018_plant_unit_total_6455,f1_steam_2018_12_55_0_3,OIU,Looks like unit 4+5 works to match.
628_natural_gas_fired_combined_cycle_2018_plant_technology_total_6455,f1_steam_2018_12_55_0_5,OIU,Looks like Crystal River units 6+7 work to match.
630_2018_plant_total_6455,f1_steam_2018_12_55_2_3,OIU,
638_GT_2018_plant_prime_mover_total_6455,f1_steam_2018_12_55_2_5,OIU,
7277_2018_plant_total_5416,f1_steam_2018_12_45_2_4,OIU,
7302_ca_2018_plant_prime_mover_total_6455,f1_steam_2018_12_55_1_1,OIU,
7345_2018_plant_total_6455,f1_steam_2018_12_55_3_1,OIU,
7699_2018_plant_total_6455,f1_steam_2018_12_55_1_3,OIU,
7981_2018_plant_total_5416,f1_steam_2018_12_45_3_3,OIU,
8049_2018_plant_owned_6455,f1_steam_2018_12_55_2_4,OIU,
2708_st_2018_plant_prime_mover_total_3046_retired,f1_steam_2018_12_17_0_2,OIU,Best guess using name and installation year
2708_ct_2018_plant_prime_mover_total_3046_retired,f1_steam_2018_12_17_3_2,OIU,Best guess using name and installation year
2708_st_2019_plant_prime_mover_total_3046_retired,f1_steam_2019_12_17_0_2,OIU,Best guess using name and installation year
2708_ct_2019_plant_prime_mover_total_3046_retired,f1_steam_2019_12_17_3_2,OIU,Best guess using name and installation year
2716_st_2018_plant_prime_mover_owned_3046_retired,f1_steam_2018_12_17_1_3,OIU,Best guess using name and installation year
2716_gt_2018_plant_prime_mover_total_3046,f1_steam_2018_12_17_3_5,OIU,Best guess using name and installation year
2716_st_2019_plant_prime_mover_owned_3046_retired,f1_steam_2019_12_17_1_3,OIU,Best guess using name and installation year
2716_gt_2019_plant_prime_mover_total_3046,f1_steam_2019_12_17_3_5,OIU,Best guess using name and installation year
2706_2019_plant_total_3046,f1_steam_2019_12_17_4_3,OIU,Not much to compare other than plant name
2712_st_2018_plant_prime_mover_total_3046,f1_steam_2018_12_17_1_1,OIU,
2712_st_2019_plant_prime_mover_total_3046,f1_steam_2019_12_17_1_1,OIU,
6250_2018_plant_total_3046,f1_steam_2018_12_17_0_4,OIU,
6250_2019_plant_total_3046,f1_steam_2019_12_17_0_4,OIU,
2711_2018_plant_total_3046_retired,f1_steam_2018_12_17_3_1,OIU,
2711_2019_plant_total_3046_retired,f1_steam_2019_12_17_3_1,OIU,
6015_2018_plant_total_3046,f1_steam_2018_12_17_1_5,OIU,
6015_2019_plant_total_3046,f1_steam_2019_12_17_1_5,OIU,
1004_st_2018_plant_prime_mover_total_15470_retired,f1_steam_2018_12_144_0_1,OIU,Best guess using name and installation year
1004_st_2019_plant_prime_mover_total_15470_retired,f1_steam_2019_12_144_0_1,OIU,Best guess using name and installation year
1007_2018_plant_total_15470,f1_steam_2018_12_144_0_2,OIU,
1007_2019_plant_total_15470,f1_steam_2019_12_144_0_2,OIU,
1010_2_2018_plant_gen_total_15470_retired,f1_steam_2018_12_144_1_2,OIU,Best guess using capacity
1010_2018_plant_total_15470_retired,f1_steam_2018_12_144_2_1,OIU,No extra information. Just the name.
1010_2_2019_plant_gen_total_15470_retired,f1_steam_2019_12_144_1_2,OIU,
1010_2019_plant_total_15470_retired,f1_steam_2019_12_144_2_1,OIU,
2727_2019_plant_total_5416,f1_steam_2019_12_45_0_2,OIU,
3264_3_2018_plant_unit_total_5416,f1_steam_2018_12_45_0_4,OIU,No extra information. Just the name.
3264_3_2019_plant_unit_total_5416,f1_steam_2019_12_45_0_4,OIU,No extra information. Just the name.
3264_7_2019_plant_gen_total_5416,f1_steam_2019_12_45_0_5,OIU,
2732_st_2019_plant_prime_mover_total_5416_retired,f1_steam_2019_12_45_1_4,OIU,Best guess using name and installation year
2732_gt_2019_plant_prime_mover_total_5416_retired,f1_steam_2019_12_45_1_5,OIU,Best guess using name and installation year
2720_st_2019_plant_prime_mover_total_5416_retired,f1_steam_2019_12_45_2_1,OIU,Best guess using name and installation year
2720_gt_2019_plant_prime_mover_total_5416_retired,f1_steam_2019_12_45_2_2,OIU,Best guess using name and installation year
3265_2019_plant_total_5416,f1_steam_2019_12_45_2_5,OIU,
6038_2019_plant_total_5416,f1_steam_2019_12_45_3_1,OIU,
628_1_2018_plant_unit_total_6455,f1_steam_2018_12_55_0_2,OIU,
7277_2019_plant_total_5416,f1_steam_2019_12_45_2_4,OIU,Best match. Though better matches 2018 value.
3251_conventional_steam_coal_2018_plant_technology_owned_3046_retired,f1_steam_2018_12_17_0_5,OIU,Match based on name and installation year. No capacity info from FERC.
3251_nuclear_2018_plant_technology_total_3046,f1_steam_2018_12_17_2_1,OIU,0
3251_gt_2018_plant_prime_mover_total_3046_retired,f1_steam_2018_12_17_2_4,OIU,Best guess using name and installation year
3251_conventional_steam_coal_2019_plant_technology_total_3046_retired,f1_steam_2019_12_17_0_5,OIU,
3251_nuclear_2019_plant_technology_total_3046,f1_steam_2019_12_17_2_1,OIU,
3251_gt_2019_plant_prime_mover_total_3046_retired,f1_steam_2019_12_17_2_4,OIU,Best guess using name and installation year
58212_2018_plant_total_5416_retired,f1_steam_2018_12_45_2_3,OIU,
58212_2019_plant_total_5416_retired,f1_steam_2019_12_45_2_3,OIU,
7538_2018_plant_total_3046,f1_steam_2018_12_17_4_1,OIU,
7538_2019_plant_total_3046,f1_steam_2019_12_17_4_1,OIU,
55110_2018_plant_total_15470,f1_steam_2018_12_144_2_2,OIU,
55110_2019_plant_total_15470,f1_steam_2019_12_144_2_2,OIU,
7981_2019_plant_total_5416,f1_steam_2019_12_45_3_3,OIU,
58215_2019_plant_total_3046,f1_steam_2019_12_17_3_4,OIU,
2713_2018_plant_total_3046_retired,f1_steam_2018_12_17_1_2,OIU,
58697_2018_plant_total_3046,f1_steam_2018_12_17_2_5,OIU,
2713_2019_plant_total_3046_retired,f1_steam_2019_12_17_1_2,OIU,
58697_2019_plant_total_3046,f1_steam_2019_12_17_2_5,OIU,
55224_2018_plant_total_15470,f1_steam_2018_12_144_1_1,OIU,
55224_2019_plant_total_15470,f1_steam_2019_12_144_1_1,OIU,
2832_6_2018_plant_gen_total_3542_retired,f1_steam_2018_12_178_0_2,OIU,
2832_6_2019_plant_gen_total_3542_retired,f1_steam_2019_12_178_0_2,OIU,
7158_2018_plant_total_55729,f1_steam_2018_12_178_0_3,OIU,
7158_2019_plant_total_55729,f1_steam_2019_12_178_0_3,OIU,
55116_2019_plant_total_5416,f1_steam_2019_12_45_3_4,OIU,
7805_2018_plant_total_3046,f1_steam_2018_12_17_4_2,OIU,
7805_2019_plant_total_3046,f1_steam_2019_12_17_4_2,OIU,
634_2018_plant_total_6455,f1_steam_2018_12_55_0_4,OIU,
634_2019_plant_total_6455,f1_steam_2019_12_55_0_1,OIU,
55111_2018_plant_owned_15470,f1_steam_2018_12_144_2_5,OIU,
55111_2019_plant_owned_15470,f1_steam_2019_12_144_2_5,OIU,
638_gt_2019_plant_prime_mover_total_6455,f1_steam_2019_12_55_2_2,OIU,
7699_2019_plant_total_6455,f1_steam_2019_12_55_0_5,OIU,
55412_2019_plant_total_6455,f1_steam_2019_12_55_0_4,OIU,
628_6_2019_plant_unit_owned_6455,f1_steam_2019_12_55_0_2,OIU,Looks like Crystal River units 6+7 work to match.
7302_ca_2019_plant_prime_mover_total_6455,f1_steam_2019_12_55_0_3,OIU,
630_2019_plant_total_6455,f1_steam_2019_12_55_1_5,OIU,
8049_2019_plant_total_6455,f1_steam_2019_12_55_2_1,OIU,
7345_2019_plant_total_6455,f1_steam_2019_12_55_2_3,OIU,
3264_4_2019_plant_unit_total_5416,f1_steam_2019_12_45_4_2,OIU,Best guess
63063_2019_plant_total_5416,f1_steam_2019_12_45_4_3,OIU,
2710_2018_plant_total_3046,f1_gnrt_plant_2018_12_17_0_1,OIU,
2710_2019_plant_total_3046,f1_gnrt_plant_2019_12_17_0_1,OIU,
2736_2018_plant_total_5416,f1_gnrt_plant_2018_12_45_0_10,OIU,
2741_2018_plant_total_5416,f1_gnrt_plant_2018_12_45_0_2,OIU,
2741_2019_plant_total_5416,f1_gnrt_plant_2019_12_45_0_2,OIU,
2743_2018_plant_total_5416,f1_gnrt_plant_2018_12_45_0_4,OIU,
2743_2019_plant_total_5416,f1_gnrt_plant_2019_12_45_0_3,OIU,
2745_2018_plant_total_5416,f1_gnrt_plant_2018_12_45_0_5,OIU,
6438_2018_plant_total_5416,f1_gnrt_plant_2018_12_45_0_8,OIU,
6438_2019_plant_total_5416,f1_gnrt_plant_2019_12_45_0_4,OIU,
3258_4_2018_plant_gen_total_5416,f1_gnrt_plant_2018_12_45_0_6,OIU,Best guess. Seems like it's a combination of Gaston Shoals 6 (2.5MW) and 2 other 1.4 MW Gaston Shoals plants
2751_2018_plant_total_5416,f1_gnrt_plant_2018_12_45_0_9,OIU,
2751_2019_plant_total_5416,f1_gnrt_plant_2019_12_45_0_5,OIU,
2746_2018_plant_total_5416,f1_gnrt_plant_2018_12_45_0_7,OIU,
2719_2018_plant_total_5416,f1_hydro_2018_12_45_0_1,OIU,
2719_2019_plant_total_5416,f1_hydro_2019_12_45_0_1,OIU,
2730_2018_plant_total_5416,f1_hydro_2018_12_45_0_2,OIU,Best guess. Names match but capacities don't
2730_2019_plant_total_5416,f1_hydro_2019_12_45_0_2,OIU,
2729_2018_plant_total_5416,f1_hydro_2018_12_45_0_3,OIU,
2729_2019_plant_total_5416,f1_hydro_2019_12_45_0_3,OIU,
2726_2018_plant_total_5416,f1_hydro_2018_12_45_0_4,OIU,
2726_2019_plant_total_5416,f1_hydro_2019_12_45_0_4,OIU,
2728_2018_plant_total_5416,f1_hydro_2018_12_45_0_5,OIU,
2728_2019_plant_total_5416,f1_hydro_2019_12_45_0_5,OIU,
2722_2018_plant_total_5416,f1_hydro_2018_12_45_1_1,OIU,
2722_2019_plant_total_5416,f1_hydro_2019_12_45_1_1,OIU,
3271_2018_plant_total_5416,f1_hydro_2018_12_45_1_2,OIU,
3271_2019_plant_total_5416,f1_hydro_2019_12_45_1_2,OIU,
3257_2018_plant_total_5416,f1_hydro_2018_12_45_1_3,OIU,"Best guess. Capacities don't match, but names and generation do."
3257_2019_plant_total_5416,f1_hydro_2019_12_45_1_3,OIU,
3259_2018_plant_total_5416,f1_hydro_2018_12_45_1_4,OIU,
3259_2019_plant_total_5416,f1_hydro_2019_12_45_1_4,OIU,
3256_2018_plant_total_5416,f1_hydro_2018_12_45_1_5,OIU,
3256_2019_plant_total_5416,f1_hydro_2019_12_45_1_5,OIU,
3266_2018_plant_total_5416,f1_hydro_2018_12_45_2_1,OIU,
3255_2018_plant_total_5416,f1_hydro_2018_12_45_2_2,OIU,
3255_2019_plant_total_5416,f1_hydro_2019_12_45_2_2,OIU,
3272_2018_plant_total_5416,f1_hydro_2018_12_45_2_4,OIU,
3272_2019_plant_total_5416,f1_hydro_2019_12_45_2_4,OIU,
6517_2018_plant_total_5416,f1_hydro_2018_12_45_3_1,OIU,
6517_2019_plant_total_5416,f1_hydro_2019_12_45_3_1,OIU,
2750_2018_plant_total_5416,f1_hydro_2018_12_45_3_2,OIU,
2750_2019_plant_total_5416,f1_hydro_2019_12_45_3_2,OIU,
2747_2018_plant_total_5416,f1_hydro_2018_12_45_3_3,OIU,
2747_2019_plant_total_5416,f1_hydro_2019_12_45_3_3,OIU,
2749_2018_plant_total_5416,f1_hydro_2018_12_45_3_4,OIU,
2749_2019_plant_total_5416,f1_hydro_2019_12_45_3_4,OIU,
2714_2018_plant_total_3046,f1_hydro_2018_12_17_0_2,OIU,
2714_2019_plant_total_3046,f1_hydro_2019_12_17_0_2,OIU,
2715_2018_plant_total_3046,f1_hydro_2018_12_17_0_3,OIU,
2715_2019_plant_total_3046,f1_hydro_2019_12_17_0_3,OIU,
3262_2018_plant_total_5416,f1_pumped_storage_2018_12_45_0_1,OIU,"Capacities not exact match, but names and installation years do."
3262_2019_plant_total_5416,f1_pumped_storage_2019_12_45_0_1,OIU,"Capacities not exact match, but names and installation years do."
7125_2018_plant_total_5416,f1_pumped_storage_2018_12_45_0_2,OIU,"Capacities not exact match, but names and installation years do."
7125_2019_plant_total_5416,f1_pumped_storage_2019_12_45_0_2,OIU,"Capacities not exact match, but names and installation years do."
10773_2018_plant_owned_19876,f1_steam_2018_12_186_0_1,,
10774_2018_plant_owned_19876,f1_steam_2018_12_186_3_2,,
10_gt_2018_plant_prime_mover_owned_195,f1_steam_2018_12_2_1_2,,
1109_2018_plant_owned_19436,f1_hydro_2018_12_177_0_2,,
113_1_2018_plant_unit_owned_803,f1_steam_2018_12_7_0_1,,
113_3_2018_plant_unit_owned_803,f1_steam_2018_12_7_0_2,,
114_2018_plant_owned_803,f1_steam_2018_12_7_2_4,,
116_1_2018_plant_unit_owned_803,f1_steam_2018_12_7_0_5,,
116_2_2018_plant_unit_owned_803,f1_steam_2018_12_7_1_1,,
116_gt1_2018_plant_gen_owned_803,f1_steam_2018_12_7_3_3,,
116_gt2_2018_plant_gen_owned_803,f1_steam_2018_12_7_3_4,,
117_1_2018_plant_unit_owned_803,f1_steam_2018_12_7_5_1,,
117_2_2018_plant_unit_owned_803,f1_steam_2018_12_7_5_2,,
118_gt1_2018_plant_gen_owned_803,f1_steam_2018_12_7_2_5,,
118_gt2_2018_plant_gen_owned_803,f1_steam_2018_12_7_3_1,,
118_ge1_2018_plant_gen_owned_803,f1_steam_2018_12_7_3_2,,
1239_2018_plant_owned_5860,f1_steam_2018_12_51_0_2,,
1239_ST_2018_plant_prime_mover_owned_5860_retired,f1_steam_2018_12_51_0_1,,
1240_1_2018_plant_unit_owned_10005,f1_steam_2018_12_80_0_2,,
1240_GT_2018_plant_prime_mover_owned_10005,f1_steam_2018_12_191_0_2,,
1241_1_2018_plant_unit_owned_10000,f1_steam_2018_12_79_2_3,,
1241_2_2018_plant_unit_owned_10000,f1_steam_2018_12_79_2_4,,
1241_1_2018_plant_unit_owned_10005,f1_steam_2018_12_80_0_3,,
1241_2_2018_plant_unit_owned_10005,f1_steam_2018_12_80_0_4,,
1241_2018_plant_total_10000,f1_steam_2018_12_79_2_5,,
1242_2018_plant_owned_10005,f1_steam_2018_12_80_0_1,,
1248_IC_2018_plant_prime_mover_owned_22500,f1_steam_2018_12_191_1_2,,
124_2018_plant_owned_24211,f1_steam_2018_12_176_1_1,,
1250_2018_plant_owned_22500,f1_steam_2018_12_191_1_5,,
1252_1_2018_plant_gen_owned_22500_retired,f1_steam_2018_12_191_0_1,,
126_GT_2018_plant_prime_mover_owned_24211,f1_steam_2018_12_176_0_5,,
126_1_2018_plant_unit_owned_24211,f1_steam_2018_12_176_0_1,,
1353_1_2018_plant_unit_owned_22053,f1_steam_2018_12_81_0_1,,
170_2018_plant_owned_814,f1_steam_2018_12_8_0_1,,
1725_2018_plant_owned_5109,f1_steam_2018_12_44_4_2,,
1728_2018_plant_owned_5109,f1_steam_2018_12_44_3_4,,
1729_GT_2018_plant_prime_mover_owned_5109,f1_steam_2018_12_44_3_5,,
1730_2018_plant_owned_5109,f1_steam_2018_12_44_3_1,,
1733_st_2019_plant_prime_mover_total_5109,f1_steam_2019_12_44_0_4,CG,
1733_ic_2019_plant_prime_mover_total_5109,f1_steam_2019_12_44_4_4,CG,
1733_IC_2018_plant_prime_mover_owned_5109,f1_steam_2018_12_44_4_4,CG,
1733_st_2018_plant_prime_mover_total_5109,f1_steam_2018_12_44_0_4,CG,
1733_ic_2004_plant_prime_mover_total_5109,f1_steam_2004_12_44_5_1,CG,
1733_st_2004_plant_prime_mover_total_5109,f1_steam_2004_12_44_0_5,CG,
1733_ic_2017_plant_prime_mover_total_5109,f1_steam_2017_12_44_4_4,CG,
1733_st_2017_plant_prime_mover_total_5109,f1_steam_2017_12_44_0_4,CG,
1733_ic_2016_plant_prime_mover_total_5109,f1_steam_2016_12_44_4_4,CG,
1733_st_2016_plant_prime_mover_total_5109,f1_steam_2016_12_44_0_4,CG,
1733_ic_2015_plant_prime_mover_total_5109,f1_steam_2015_12_44_5_1,CG,
1733_st_2015_plant_prime_mover_total_5109,f1_steam_2015_12_44_0_5,CG,
1733_ic_2014_plant_prime_mover_total_5109,f1_steam_2014_12_44_5_1,CG,
1733_st_2014_plant_prime_mover_total_5109,f1_steam_2014_12_44_0_5,CG,
1733_st_2013_plant_prime_mover_total_5109,f1_steam_2013_12_44_0_5,CG,
1733_ic_2013_plant_prime_mover_total_5109,f1_steam_2013_12_44_5_1,CG,
1733_st_2012_plant_prime_mover_total_5109,f1_steam_2012_12_44_0_5,CG,
1733_ic_2012_plant_prime_mover_total_5109,f1_steam_2012_12_44_5_1,CG,
1733_ic_2011_plant_prime_mover_total_5109,f1_steam_2011_12_44_5_1,CG,
1733_st_2011_plant_prime_mover_total_5109,f1_steam_2011_12_44_0_5,CG,
1733_ic_2010_plant_prime_mover_total_5109,f1_steam_2010_12_44_5_1,CG,
1733_st_2010_plant_prime_mover_total_5109,f1_steam_2010_12_44_0_5,CG,
1733_ic_2009_plant_prime_mover_total_5109,f1_steam_2009_12_44_5_1,CG,
1733_st_2009_plant_prime_mover_total_5109,f1_steam_2009_12_44_0_5,CG,
1733_ic_2008_plant_prime_mover_total_5109,f1_steam_2008_12_44_5_1,CG,
1733_st_2008_plant_prime_mover_total_5109,f1_steam_2008_12_44_0_5,CG,
1733_ic_2007_plant_prime_mover_total_5109,f1_steam_2007_12_44_5_1,CG,
1733_st_2007_plant_prime_mover_total_5109,f1_steam_2007_12_44_0_5,CG,
1733_ic_2006_plant_prime_mover_total_5109,f1_steam_2006_12_44_5_1,CG,
1733_st_2006_plant_prime_mover_total_5109,f1_steam_2006_12_44_0_5,CG,
1733_ic_2005_plant_prime_mover_total_5109,f1_steam_2005_12_44_5_1,CG,
1733_st_2005_plant_prime_mover_total_5109,f1_steam_2005_12_44_0_5,CG,
1734_2018_plant_owned_5109,f1_steam_2018_12_44_1_4,,
1735_2018_plant_owned_5109,f1_steam_2018_12_44_4_5,,
1737_2018_plant_owned_5109,f1_steam_2018_12_44_1_5,,
1739_2018_plant_owned_5109,f1_steam_2018_12_44_2_1,,
1740_IC_2018_plant_prime_mover_owned_5109,f1_steam_2018_12_44_4_3,,
1740_3_2018_plant_unit_owned_5109,f1_steam_2018_12_44_1_1,,
1741_2018_plant_owned_5109,f1_steam_2018_12_44_5_1,,
1743_GT_2018_plant_prime_mover_owned_5109,f1_steam_2018_12_44_3_3,,
1743_1_2018_plant_unit_owned_5109,f1_steam_2018_12_44_1_2,,
1744_2018_plant_owned_5109,f1_steam_2018_12_44_2_4,,
1745_2018_plant_owned_5109,f1_steam_2018_12_44_1_3,,
1746_2018_plant_owned_5109,f1_steam_2018_12_44_5_2,,
1769_2018_plant_owned_20847,f1_steam_2018_12_193_1_1,,
2050_2018_plant_owned_12685,f1_steam_2018_12_100_0_2,,
2076_2018_plant_owned_5860,f1_steam_2018_12_51_0_3,,
2079_2_2018_plant_unit_owned_10000,f1_steam_2018_12_79_0_3,,
2079_GT_2018_plant_prime_mover_owned_10000,f1_steam_2018_12_79_0_4,,
2080_1_2018_plant_gen_owned_10000_retired,f1_steam_2018_12_79_0_1,,
2081_2019_plant_total_10000,f1_steam_2019_12_79_2_1,AS,
2081_2018_plant_total_10000,f1_steam_2018_12_79_2_1,CG,
2081_2017_plant_total_10000,f1_steam_2017_12_79_2_1,CG,
2081_2016_plant_total_10000,f1_steam_2016_12_79_2_1,CG,
2081_2015_plant_total_10000,f1_steam_2015_12_79_2_1,CG,
2081_2014_plant_total_10000,f1_steam_2014_12_79_2_1,CG,
2081_2013_plant_total_10000,f1_steam_2013_12_79_2_1,CG,
2081_2012_plant_total_10000,f1_steam_2012_12_79_2_1,CG,
2081_2011_plant_total_10000,f1_steam_2011_12_79_2_1,CG,
2081_2010_plant_total_10000,f1_steam_2010_12_79_2_1,CG,
2081_2009_plant_total_10000,f1_steam_2009_12_79_1_4,CG,
2081_2008_plant_total_10000,f1_steam_2008_12_79_1_4,CG,
2081_2007_plant_total_10000,f1_steam_2007_12_79_1_4,CG,
2081_2006_plant_total_10000,f1_steam_2006_12_79_1_4,CG,
2081_2005_plant_total_10000,f1_steam_2005_12_79_1_4,CG,
2081_2004_plant_total_10000,f1_steam_2004_12_79_1_5,CG,
2082_2018_plant_owned_19436,f1_steam_2018_12_177_1_4,,
2083_2018_plant_owned_19436,f1_steam_2018_12_177_1_3,,
2090_2018_plant_owned_56211,f1_steam_2018_12_182_1_1,,
2092_2018_plant_owned_56211,f1_steam_2018_12_182_0_2,,
2094_1_2018_plant_gen_owned_56211_retired,f1_steam_2018_12_182_0_1,,
2098_1_2018_plant_gen_owned_56211,f1_steam_2018_12_182_1_3,,
2098_GT_2018_plant_prime_mover_owned_56211,f1_steam_2018_12_182_1_4,,
2103_2018_plant_owned_19436,f1_steam_2018_12_177_0_1,,
2104_GT_2018_plant_prime_mover_owned_19436,f1_steam_2018_12_177_2_4,,
2104_1_2018_plant_unit_owned_19436,f1_steam_2018_12_177_0_4,,
2107_2018_plant_owned_19436,f1_steam_2018_12_177_0_2,,
210_2018_plant_owned_10005,f1_steam_2018_12_80_1_1,,
210_2018_plant_owned_10000,f1_steam_2018_12_79_2_2,,
2442_4_2018_plant_unit_owned_803,f1_steam_2018_12_7_0_3,,
2442_5_2018_plant_unit_owned_803,f1_steam_2018_12_7_0_4,,
2442_2018_plant_owned_24211,f1_steam_2018_12_176_0_3,,
2451_2018_plant_owned_24211,f1_steam_2018_12_176_1_2,,
26_4_2019_plant_unit_total_195,f1_steam_2019_12_2_0_5,CG,
26_4_2018_plant_unit_total_195,f1_steam_2018_12_2_0_5,CG,
26_4_2015_plant_unit_total_195,f1_steam_2015_12_2_0_5,CG,
26_4_2014_plant_unit_owned_195,f1_steam_2014_12_2_0_5,CG,
26_4_2013_plant_unit_total_195,f1_steam_2013_12_2_0_5,CG,
26_4_2012_plant_unit_total_195,f1_steam_2012_12_2_0_5,CG,
26_4_2011_plant_unit_total_195,f1_steam_2011_12_2_0_5,CG,
26_4_2010_plant_unit_total_195,f1_steam_2010_12_2_0_5,CG,
26_4_2009_plant_unit_total_195,f1_steam_2009_12_2_0_5,CG,
26_5_2008_plant_gen_total_195,f1_steam_2008_12_2_0_5,CG,
26_5_2007_plant_gen_total_195,f1_steam_2007_12_2_0_5,CG,
26_5_2006_plant_gen_total_195,f1_steam_2006_12_2_0_5,CG,
26_5_2005_plant_gen_total_195,f1_steam_2005_12_2_0_5,CG,
26_5_2004_plant_gen_total_195,f1_steam_2004_12_2_0_5,CG,
2963_1_2018_plant_unit_total_15474,f1_gnrt_plant_2018_12_148_0_1,,
2964_1_2018_plant_unit_total_15474,f1_gnrt_plant_2018_12_148_0_9,,
3325_gt_2019_plant_prime_mover_total_19545,f1_steam_2019_12_12_0_1,CG,
3325_ic_2019_plant_prime_mover_total_19545,f1_steam_2019_12_12_0_2,CG,
3325_IC_2018_plant_prime_mover_owned_19545,f1_steam_2018_12_12_0_2,CG,
3325_gt_2018_plant_prime_mover_total_19545,f1_steam_2018_12_12_0_1,CG,
3325_gt_2017_plant_prime_mover_total_19545,f1_steam_2017_12_12_0_1,CG,
3325_ic_2017_plant_prime_mover_total_19545,f1_steam_2017_12_12_0_2,CG,
3325_gt_2009_plant_prime_mover_total_19545,f1_steam_2009_12_12_0_1,CG,
3325_ic_2009_plant_prime_mover_total_19545,f1_steam_2009_12_12_0_2,CG,
3325_1_2009_plant_unit_owned_19545,f1_steam_2009_12_12_0_3,CG,
3325_gt_2008_plant_prime_mover_total_19545,f1_steam_2008_12_12_0_1,CG,
3325_st_2008_plant_prime_mover_total_19545,f1_steam_2008_12_12_0_2,CG,
3325_st_2008_plant_prime_mover_owned_19545,f1_steam_2008_12_12_0_3,CG,
3773_2018_plant_owned_733,f1_hydro_2018_12_6_0_4,,
3774_2018_plant_owned_733,f1_hydro_2018_12_6_0_1,,
3775_2019_plant_owned_733,f1_steam_2019_12_6_0_1,CG,Cap is off bc a unit retired
3775_2018_plant_owned_733,f1_steam_2018_12_6_0_1,CG,Cap is off bc a unit retired
3775_2017_plant_owned_733,f1_steam_2017_12_6_0_1,CG,Cap is off bc a unit retired
3775_2016_plant_owned_733,f1_steam_2016_12_6_0_1,CG,Cap is off bc a unit retired
3775_2015_plant_owned_733,f1_steam_2015_12_6_0_1,CG,Cap is off bc a unit retired
3775_2014_plant_owned_733,f1_steam_2014_12_6_0_1,CG,
3775_2013_plant_total_733,f1_steam_2013_12_6_0_1,CG,
3775_2012_plant_total_733,f1_steam_2012_12_6_0_1,CG,
3775_2011_plant_total_733,f1_steam_2011_12_6_0_1,CG,
3775_2010_plant_total_733,f1_steam_2010_12_6_0_1,CG,
3775_2009_plant_total_733,f1_steam_2009_12_6_0_1,CG,
3775_2008_plant_total_733,f1_steam_2008_12_6_0_1,CG,
3775_2007_plant_total_733,f1_steam_2007_12_6_0_1,CG,
3775_2006_plant_total_733,f1_steam_2006_12_6_0_1,CG,
3775_2005_plant_total_733,f1_steam_2005_12_6_0_1,CG,
3775_2004_plant_total_733,f1_steam_2004_12_6_0_1,CG,
3777_2018_plant_owned_733,f1_hydro_2018_12_6_0_2,,
3796_2018_plant_owned_19876,f1_steam_2018_12_186_0_3,,
3797_5_2018_plant_unit_owned_19876,f1_steam_2018_12_186_5_5,,
3797_1_2018_plant_unit_owned_19876,f1_steam_2018_12_186_0_5,,
3799_2018_plant_owned_19876,f1_steam_2018_12_186_4_2,,
3800_2018_plant_owned_19876,f1_steam_2018_12_186_4_1,,
3803_GT_2018_plant_prime_mover_owned_19876,f1_steam_2018_12_186_4_3,,
3804_GT_2018_plant_prime_mover_owned_19876,f1_steam_2018_12_186_5_1,,
3804_4_2018_plant_unit_owned_19876,f1_steam_2018_12_186_3_5,,
3804_1_2018_plant_unit_owned_19876,f1_steam_2018_12_186_2_5,,
3806_2018_plant_owned_19876,f1_steam_2018_12_186_3_3,,
3809_2018_plant_owned_19876,f1_steam_2018_12_186_3_4,,
3935_2018_plant_owned_733,f1_steam_2018_12_6_0_2,,
3948_1_2018_plant_unit_owned_20521,f1_steam_2018_12_192_0_1,,
3948_1_2018_plant_unit_owned_22053,f1_steam_2018_12_81_0_2,,
3948_2018_plant_total_20521,f1_steam_2018_12_192_0_2,,
3948_2018_plant_total_22053,f1_steam_2018_12_81_0_3,,
3954_GT_2018_plant_prime_mover_owned_19876,f1_steam_2018_12_186_4_5,,
3954_1_2018_plant_unit_owned_19876,f1_steam_2018_12_186_2_2,,
3_6_2018_plant_unit_owned_195,f1_steam_2018_12_2_3_4,,
3_1_2018_plant_unit_owned_195,f1_steam_2018_12_2_0_3,,
4041_1_2018_plant_unit_owned_20847,f1_steam_2018_12_193_1_4,,
4042_1_2018_plant_unit_owned_20847,f1_steam_2018_12_193_1_5,,
4063_2018_plant_owned_20860,f1_hydro_2018_12_195_0_1,,
4078_GT_2018_plant_prime_mover_owned_20860,f1_steam_2018_12_195_2_5,,
4079_2018_plant_owned_20860,f1_hydro_2018_12_195_0_3,,
4080_2018_plant_owned_20860,f1_hydro_2018_12_195_0_2,,
4940_1_2018_plant_unit_total_15474,f1_gnrt_plant_2018_12_148_0_4,,
4941_2018_plant_owned_803,f1_steam_2018_12_7_1_2,,
50966_2018_plant_owned_19876,f1_steam_2018_12_186_0_2,,
52007_2018_plant_owned_19876,f1_steam_2018_12_186_2_1,,
52087_2018_plant_owned_19876,f1_steam_2018_12_186_5_4,,
52118_2018_plant_owned_19876,f1_steam_2018_12_186_5_3,,
54844_2018_plant_owned_19876,f1_steam_2018_12_186_1_3,,
55029_2018_plant_owned_20860,f1_steam_2018_12_195_3_4,,
55111_2018_plant_owned_40211,f1_gnrt_plant_2018_12_294_0_2,,
55202_2018_plant_owned_19436,f1_steam_2018_12_177_3_2,,
55204_2018_plant_owned_19436,f1_steam_2018_12_177_3_1,,
55218_2018_plant_owned_12685,f1_steam_2018_12_100_0_4,,
55220_2018_plant_owned_12685,f1_steam_2018_12_100_0_1,,
55276_2018_plant_owned_733,f1_steam_2018_12_6_0_4,,
55343_2018_plant_owned_24211,f1_steam_2018_12_176_1_4,,
55350_2018_plant_owned_733,f1_steam_2018_12_6_0_5,,
55380_2018_plant_owned_814,f1_steam_2018_12_8_0_2,,
55395_2018_plant_owned_3702,f1_steam_2018_12_182_0_4,,
55402_2018_plant_owned_5109,f1_steam_2018_12_44_2_3,,
55418_2018_plant_owned_814,f1_steam_2018_12_8_0_4,,
55455_1_2018_plant_unit_owned_803,f1_steam_2018_12_7_5_3,,
55455_2_2018_plant_unit_owned_803,f1_steam_2018_12_7_5_4,,
55467_2018_plant_owned_814,f1_steam_2018_12_8_0_3,,
55478_2018_plant_owned_19545,f1_steam_2018_12_12_1_4,,
55522_2018_plant_owned_803,f1_steam_2018_12_7_4_2,,
55718_2018_plant_owned_5109,f1_steam_2018_12_44_2_2,,
55856_2018_plant_total_40211,f1_gnrt_plant_2018_12_294_0_1,,
55939_2018_plant_owned_19876,f1_steam_2018_12_186_7_1,,
56031_2018_plant_owned_20860,f1_steam_2018_12_195_4_1,,
56150_2018_plant_owned_7140,f1_steam_2018_12_57_0_3,,
56407_1_2018_plant_unit_owned_6452,f1_steam_2018_12_56_0_2,,
56456_2018_plant_owned_5860,f1_steam_2018_12_51_1_4,,
56502_1_2018_plant_gen_owned_22500,f1_steam_2018_12_191_0_4,,
56807_2018_plant_owned_19876,f1_steam_2018_12_186_6_2,,
56808_2018_plant_owned_19876,f1_steam_2018_12_186_6_3,,
56818_2018_plant_owned_22500,f1_steam_2018_12_191_0_5,,
56819_2018_plant_owned_22500,f1_steam_2018_12_191_1_4,,
56929_2018_plant_owned_6452,f1_steam_2018_12_56_4_4,,
56930_2018_plant_owned_6452,f1_steam_2018_12_56_4_1,,
57703_1_2018_plant_unit_owned_19545,f1_steam_2018_12_12_1_1,,
58260_2018_plant_owned_19876,f1_steam_2018_12_186_7_3,,
59863_2018_plant_owned_7140,f1_steam_2018_12_57_3_3,,
59864_2018_plant_owned_7140,f1_steam_2018_12_57_3_2,,
59865_2018_plant_owned_7140,f1_steam_2018_12_57_3_1,,
59913_2018_plant_owned_19876,f1_steam_2018_12_186_7_4,,
6000_2018_plant_owned_9324,f1_steam_2018_12_73_0_5,,
60014_PV_2018_plant_prime_mover_owned_6452,f1_steam_2018_12_56_5_3,,
6001_2018_plant_owned_195,f1_steam_2018_12_2_1_1,,
6002_2018_plant_total_195,f1_steam_2018_12_2_2_1,,
60061_PV_2018_plant_prime_mover_owned_6452,f1_steam_2018_12_56_5_2,,
6008_1_2018_plant_gen_owned_803,f1_steam_2018_12_7_5_5,,
6008_2_2018_plant_gen_owned_803,f1_steam_2018_12_7_6_1,,
6008_3_2018_plant_gen_owned_803,f1_steam_2018_12_7_6_2,,
6009_2018_plant_owned_814,f1_steam_2018_12_8_1_1,,
6034_GT_2018_plant_prime_mover_owned_5109,f1_steam_2018_12_44_3_2,,
6034_IC_2018_plant_prime_mover_owned_5109,f1_steam_2018_12_44_4_1,,
6034_1_2018_plant_unit_owned_5109,f1_steam_2018_12_44_0_2,,
6034_1_2018_plant_unit_total_5109,f1_steam_2018_12_44_0_1,,
6035_GT_2018_plant_prime_mover_owned_5109,f1_steam_2018_12_44_2_5,,
6035_1_2018_plant_unit_owned_5109,f1_steam_2018_12_44_0_5,,
60422_2018_plant_owned_19876,f1_steam_2018_12_186_7_2,,
6042_1_2018_plant_unit_owned_6452,f1_steam_2018_12_56_1_1,,
6042_3_2018_plant_unit_owned_6452,f1_steam_2018_12_56_3_1,,
6043_1_2018_plant_unit_owned_6452,f1_steam_2018_12_56_4_3,,
6043_3_2018_plant_unit_owned_6452,f1_steam_2018_12_56_3_3,,
6043_5_2018_plant_unit_owned_6452,f1_steam_2018_12_56_1_2,,
6045_2018_plant_owned_6452,f1_steam_2018_12_56_2_4,,
6051_2018_plant_owned_7140,f1_steam_2018_12_57_2_5,,
6052_gt_2018_plant_prime_mover_owned_7140,f1_steam_2018_12_57_3_5,,
6052_bit_2018_plant_prime_fuel_owned_7140,f1_steam_2018_12_57_3_4,,
60689_2018_plant_owned_22500,f1_steam_2018_12_191_2_1,,
6068_1_2018_plant_unit_owned_56211,f1_steam_2018_12_182_0_3,,
6068_2018_plant_owned_10005,f1_steam_2018_12_80_0_5,,
6068_2018_plant_owned_22500,f1_steam_2018_12_191_1_3,,
6074_1_2018_plant_gen_owned_56211,f1_steam_2018_12_182_0_5,,
6088_2018_plant_owned_24211,f1_steam_2018_12_176_1_3,,
609_2018_plant_owned_6452,f1_steam_2018_12_56_0_1,,
6101_2018_plant_owned_19545,f1_steam_2018_12_12_0_4,,
61020_2018_plant_owned_6452,f1_steam_2018_12_56_6_1,,
61021_2018_plant_owned_6452,f1_steam_2018_12_56_6_5,,
61022_2018_plant_owned_6452,f1_steam_2018_12_56_5_5,,
61024_2018_plant_owned_6452,f1_steam_2018_12_56_7_4,,
61029_2018_plant_owned_6452,f1_steam_2018_12_56_6_4,,
61050_2018_plant_owned_6452,f1_steam_2018_12_56_6_2,,
61051_2018_plant_owned_6452,f1_steam_2018_12_56_6_3,,
61052_2018_plant_owned_6452,f1_steam_2018_12_56_7_5,,
6113_2018_plant_total_40211,f1_gnrt_plant_2018_12_294_0_4,,
6124_GT_2018_plant_prime_mover_owned_7140,f1_steam_2018_12_57_1_4,,
612_1_2018_plant_unit_total_6452,f1_steam_2018_12_56_3_4,,
613_1_2018_plant_unit_owned_6452,f1_steam_2018_12_56_3_5,,
6153_2018_plant_owned_19436,f1_steam_2018_12_177_1_1,,
6155_2018_plant_owned_19436,f1_steam_2018_12_177_0_3,,
6166_1_2018_plant_unit_owned_9324,f1_steam_2018_12_73_0_1,,
6166_2_2018_plant_unit_owned_9324,f1_steam_2018_12_73_0_2,,
6166_2018_plant_total_9324,f1_steam_2018_12_73_0_4,,
6168_ST_2018_plant_prime_mover_owned_19876,f1_steam_2018_12_186_2_3,,
6170_1_2018_plant_unit_owned_20847,f1_steam_2018_12_193_0_5,,
617_2018_plant_owned_6452,f1_steam_2018_12_56_3_2,,
617_GT_2018_plant_prime_mover_owned_6452_retired,f1_steam_2018_12_56_2_3,,
619_2018_plant_owned_6452,f1_steam_2018_12_56_0_4,,
620_1_2018_plant_unit_owned_6452,f1_steam_2018_12_56_0_5,,
621_5_2018_plant_unit_total_6452,f1_steam_2018_12_56_0_3,,
621_Nuclear_2018_plant_technology_owned_6452,f1_steam_2018_12_56_2_5,,
6223_2018_plant_owned_5860,f1_steam_2018_12_51_0_4,,
6253_2018_plant_owned_20847,f1_steam_2018_12_193_0_3,,
6257_2018_plant_owned_7140,f1_steam_2018_12_57_0_5,,
6258_GT_2018_plant_prime_mover_owned_7140,f1_steam_2018_12_57_2_2,,
6264_2018_plant_owned_733,f1_steam_2018_12_6_0_3,,
6280_2018_plant_owned_5860,f1_hydro_2018_12_51_0_1,,
649_2018_plant_owned_7140,f1_steam_2018_12_57_1_3,,
6560_2018_plant_owned_733,f1_hydro_2018_12_6_0_3,,
6561_2018_plant_owned_733,f1_hydro_2018_12_6_1_1,,
6641_2018_plant_owned_814,f1_steam_2018_12_8_1_2,,
6650_2018_plant_owned_19436,f1_steam_2018_12_177_2_2,,
6651_2018_plant_owned_19436,f1_steam_2018_12_177_2_1,,
6652_2018_plant_owned_19436,f1_steam_2018_12_177_2_5,,
7032_2018_plant_owned_19876,f1_steam_2018_12_186_1_4,,
703_1_2018_plant_unit_owned_7140,f1_steam_2018_12_57_0_1,,
708_2018_plant_owned_7140,f1_steam_2018_12_57_1_5,,
710_CA_2018_plant_prime_mover_owned_7140,f1_steam_2018_12_57_1_1,,
710_GT_2018_plant_prime_mover_owned_7140,f1_steam_2018_12_57_1_2,,
7159_2018_plant_owned_20847,f1_steam_2018_12_193_0_1,,
715_GT_2018_plant_prime_mover_owned_7140,f1_steam_2018_12_57_2_4,,
7212_2018_plant_owned_19876,f1_steam_2018_12_186_1_2,,
7213_2018_plant_owned_19876,f1_steam_2018_12_186_1_1,,
7270_2018_plant_owned_20847,f1_steam_2018_12_193_0_4,,
728_2018_plant_owned_7140,f1_steam_2018_12_57_2_1,,
7296_GT_2018_plant_prime_mover_owned_5860,f1_steam_2018_12_51_1_1,,
7296_1_2018_plant_unit_owned_22500,f1_steam_2018_12_276_0_1,,
7296_1_2018_plant_unit_owned_5860,f1_steam_2018_12_51_1_2,,
732_2018_plant_owned_7140,f1_steam_2018_12_57_0_4,,
7348_2018_plant_owned_7140,f1_steam_2018_12_57_2_3,,
7697_2018_plant_owned_195,f1_steam_2018_12_2_3_1,,
7698_2018_plant_owned_195,f1_steam_2018_12_2_3_2,,
7721_2018_plant_owned_195,f1_steam_2018_12_2_3_3,,
7759_2018_plant_owned_9273,f1_steam_2018_12_74_0_4,,
7838_2018_plant_owned_19876,f1_steam_2018_12_186_3_1,,
7839_2018_plant_owned_19876,f1_steam_2018_12_186_1_5,,
7928_2018_plant_owned_10000,f1_steam_2018_12_79_0_5,,
7929_2018_plant_owned_10000,f1_steam_2018_12_79_1_5,,
7964_2018_plant_owned_19436,f1_steam_2018_12_177_0_5,,
7_2018_plant_owned_195,f1_steam_2018_12_2_0_2,,
8023_1_2018_plant_unit_owned_20856,f1_steam_2018_12_194_0_3,,
8023_2_2018_plant_unit_owned_20856,f1_steam_2018_12_194_0_4,,
8023_1_2018_plant_unit_total_20856,f1_steam_2018_12_194_0_1,,
8023_2_2018_plant_unit_total_20856,f1_steam_2018_12_194_0_2,,
8055_2019_plant_owned_814,f1_steam_2019_12_8_0_5,CG,
8055_2018_plant_owned_814,f1_steam_2018_12_8_0_5,CG,
8055_2007_plant_owned_814,f1_steam_2017_12_8_0_5,CG,
8055_2016_plant_owned_814,f1_steam_2016_12_8_0_5,CG,
8055_2015_plant_total_814,f1_steam_2015_12_8_1_5,CG,
8055_2014_plant_owned_814,f1_steam_2014_12_8_1_5,CG,
8055_2013_plant_owned_814,f1_steam_2013_12_8_0_1,CG,
8055_2012_plant_total_814,f1_steam_2012_12_8_0_1,CG,
8055_2011_plant_total_814,f1_steam_2011_12_8_0_1,CG,
8055_2010_plant_total_814,f1_steam_2010_12_8_0_1,CG,
8055_2009_plant_owned_814,f1_steam_2009_12_8_0_1,CG,
8055_2008_plant_owned_814,f1_steam_2008_12_8_0_1,CG,
8055_2006_plant_owned_814,f1_steam_2006_12_8_1_3,CG,
8055_2005_plant_owned_814,f1_steam_2005_12_8_0_3,CG,
8055_2004_plant_owned_814,f1_steam_2004_12_8_0_1,CG,
8223_1_2018_plant_unit_owned_24211,f1_steam_2018_12_176_0_2,,
8_2018_plant_owned_195,f1_steam_2018_12_2_0_1,,
913_GT_2018_plant_prime_mover_owned_19436,f1_steam_2018_12_177_1_2,,
983_2019_plant_total_9269,f1_steam_2019_12_72_0_1,CG,
983_2018_plant_owned_9269,f1_steam_2018_12_72_0_1,CG,
983_2011_plant_total_9269,f1_steam_2011_12_72_0_1,CG,
983_2007_plant_total_9269,f1_steam_2007_12_72_0_1,CG,
990_GT_2018_plant_prime_mover_owned_9273,f1_steam_2018_12_74_0_3,,
990_3_2018_plant_unit_owned_9273,f1_steam_2018_12_74_0_2,,
991_2018_plant_owned_9273,f1_steam_2018_12_74_0_5,,
994_IC_2018_plant_prime_mover_owned_9273,f1_gnrt_plant_2018_12_74_0_1,,
3803_2016_plant_owned_19876,f1_steam_2016_12_186_4_3,,
6051_2014_plant_owned_7140,f1_steam_2014_12_57_3_2,,
6073_2016_plant_owned_7801,f1_steam_2016_12_62_0_3,,
1241_1_2019_plant_unit_owned_10005,f1_steam_2019_12_80_0_3,,
1241_2_2019_plant_unit_owned_10005,f1_steam_2019_12_80_0_4,,
1241_1_2019_plant_unit_owned_10000,f1_steam_2019_12_79_2_3,,
1241_2_2019_plant_unit_owned_10000,f1_steam_2019_12_79_2_4,,
1241_2019_plant_owned_10000,f1_steam_2019_12_79_2_5,,
6068_2019_plant_owned_56211,f1_steam_2019_12_182_0_3,,
6068_2019_plant_owned_22500,f1_steam_2019_12_191_1_3,,
6068_2019_plant_owned_10005,f1_steam_2019_12_80_0_5,,
118_ge1_2015_plant_gen_owned_803,f1_steam_2015_12_7_5_1,,
118_gt1_2015_plant_gen_owned_803,f1_steam_2015_12_7_4_4,,
118_gt2_2015_plant_gen_owned_803,f1_steam_2015_12_7_4_5,,
117_1b_2015_plant_gen_owned_803,f1_steam_2015_12_7_6_2,,
117_2b_2015_plant_gen_owned_803,f1_steam_2015_12_7_6_3,,
117_3b_2015_plant_gen_owned_803,f1_steam_2015_12_7_6_4,,
1740_ic_2015_plant_prime_mover_owned_5109,f1_steam_2015_12_44_3_5,,
1740_2015_plant_owned_5109,f1_steam_2015_12_44_1_3,,
1740_3_2016_plant_unit_owned_5109,f1_steam_2016_12_44_1_1,,
1743_11_2015_plant_gen_owned_5109,f1_steam_2015_12_44_5_4,,
1743_st_2015_plant_prime_mover_owned_5109,f1_steam_2015_12_44_2_4,,
2706_st_2016_plant_prime_mover_owned_3046,f1_steam_2016_12_17_0_1,,
6014_2016_plant_total_3046,f1_steam_2016_12_17_1_4,,
6015_2016_plant_total_3046,f1_steam_2016_12_17_1_5,,
3251_2_2016_plant_gen_total_3046,f1_steam_2016_12_17_2_1,,
2706_gt_2016_plant_prime_mover_owned_3046,f1_steam_2016_12_17_2_2,,
58215_2016_plant_owned_3046,f1_steam_2016_12_17_3_4,,
58697_2016_plant_owned_3046,f1_steam_2016_12_17_2_5,,
2716_gt_2016_plant_prime_mover_total_3046,f1_steam_2016_12_17_3_5,,
58562_2016_plant_total_5701,f1_steam_2016_12_49_1_2,,
58562_2017_plant_total_5701,f1_steam_2017_12_49_0_4,,
3456_2016_plant_total_5701,f1_steam_2016_12_49_0_3,,
3992_2018_plant_owned_11479,f1_steam_2018_12_89_0_1,,
470_2018_plant_total_15466,f1_steam_2018_12_145_0_4,,
6112_2018_plant_total_15466,f1_steam_2018_12_145_2_4,,
6112_gt_2018_plant_prime_mover_total_15466,f1_steam_2018_12_145_2_5,,
3290_2019_plant_total_17539,f1_hydro_2019_12_159_0_1,CF,"Prediction was really wrong, matched an entirely different plant"
7210_2018_plant_total_17539,f1_steam_2018_12_159_1_1,CF,
3281_1_2018_plant_gen_total_17539,f1_steam_2018_12_159_4_1,CF,
3281_2018_plant_total_17539,f1_steam_2018_12_159_4_3,CF,
7210_2019_plant_total_17539,f1_steam_2019_12_159_1_1,CF,
3281_2019_plant_total_17539,f1_steam_2019_12_159_4_3,CF,
10773_2019_plant_total_19876,f1_steam_2019_12_186_0_1,CF,
3797_st_2019_plant_prime_mover_total_19876,f1_steam_2019_12_186_0_5,CF,
7213_2019_plant_owned_19876,f1_steam_2019_12_186_1_1,CF,"Pretty sure this would match up best with either Clover OWNED or an individual Clover unit; given there are no other Clover units in FERC data, I believe this is Clover OWNED (not TOTAL)"
7212_2019_plant_total_19876,f1_steam_2019_12_186_1_2,CF,
54844_2019_plant_total_19876,f1_steam_2019_12_186_1_3,CF,
7032_2019_plant_total_19876,f1_steam_2019_12_186_1_4,CF,
3800_2019_plant_total_19876,f1_steam_2019_12_186_4_1,CF,Predicted wrong plant
52087_2019_plant_total_19876,f1_steam_2019_12_186_5_4,CF,
3797_natural_gas_fired_combined_cycle_2019_plant_technology_total_19876,f1_steam_2019_12_186_5_5,CF,
6168_hy_2018_plant_prime_mover_total_19876,f1_gnrt_plant_2018_12_186_0_3,CF,
2758_2018_plant_total_19876,f1_hydro_2018_12_186_0_1,CF,
3804_st_2019_plant_prime_mover_total_19876,f1_steam_2019_12_186_2_5,CF,
3809_2019_plant_total_19876,f1_steam_2019_12_186_3_4,CF,
3799_2019_plant_total_19876,f1_steam_2019_12_186_4_2,CF,
6168_2019_plant_owned_19876,f1_steam_2019_12_186_2_3,CF,Capacity better matches OWNED over TOTAL
3806_2019_plant_total_19876,f1_steam_2019_12_186_3_3,CF,
3295_1_2018_plant_unit_total_17539,f1_steam_2018_12_159_0_2,CF,
3295_1_2019_plant_unit_total_17539,f1_steam_2019_12_159_0_2,CF,
3297_2018_plant_total_17539,f1_steam_2018_12_159_0_3,CF,
3297_2019_plant_total_17539,f1_steam_2019_12_159_0_3,CF,
3287_2018_plant_total_17539,f1_steam_2018_12_159_0_4,CF,
3287_2019_plant_total_17539,f1_steam_2019_12_159_0_4,CF,
3295_gt1_2018_plant_gen_total_17539,f1_steam_2018_12_159_2_5,CF,
3295_gt1_2019_plant_gen_total_17539,f1_steam_2019_12_159_2_5,CF,
3295_gt3_2018_plant_gen_total_17539,f1_steam_2018_12_159_3_2,CF,
3295_gt3_2019_plant_gen_total_17539,f1_steam_2019_12_159_3_2,CF,
3286_2018_plant_total_17539,f1_steam_2018_12_159_2_4,CF,
3286_2019_plant_total_17539,f1_steam_2019_12_159_2_4,CF,
3295_gt2_2018_plant_gen_total_17539,f1_steam_2018_12_159_3_1,CF,
3295_gt2_2019_plant_gen_total_17539,f1_steam_2019_12_159_3_1,CF,
3954_2019_plant_total_19876,f1_steam_2019_12_186_2_2,CF,
3954_gt_2019_plant_prime_mover_total_19876,f1_steam_2019_12_186_4_5,CF,
7838_2019_plant_total_19876,f1_steam_2019_12_186_3_1,CF,
3291_2018_plant_total_17539,f1_steam_2018_12_159_1_4,CF,
3291_2019_plant_total_17539,f1_steam_2019_12_159_1_4,CF,
10774_2019_plant_total_19876,f1_steam_2019_12_186_3_2,CF,
7839_2019_plant_total_19876,f1_steam_2019_12_186_1_5,CF,
3295_gt_2018_plant_prime_mover_total_17539,f1_steam_2018_12_159_3_4,CF,
3295_gt_2019_plant_prime_mover_total_17539,f1_steam_2019_12_159_3_4,CF,
3295_natural_gas_fired_combined_cycle_2018_plant_technology_total_17539,f1_steam_2018_12_159_3_5,CF,
3295_natural_gas_fired_combined_cycle_2019_plant_technology_total_17539,f1_steam_2019_12_159_3_5,CF,
3804_4_2019_plant_unit_total_19876,f1_steam_2019_12_186_3_5,CF,
55927_2018_plant_total_17539,f1_steam_2018_12_159_5_4,CF,
55927_2019_plant_total_17539,f1_steam_2019_12_159_5_3,CF,
55927_2016_plant_total_17539,f1_steam_2016_12_159_5_4,CG,
55927_2010_plant_owned_17539,f1_steam_2010_12_159_5_4,CG,
55927_2009_plant_total_17539,f1_steam_2009_12_159_5_4,CG,
55927_2008_plant_total_17539,f1_steam_2008_12_159_5_5,CG,
55927_2007_plant_owned_17539,f1_steam_2007_12_159_5_5,,
55927_2006_plant_owned_17539,f1_steam_2006_12_159_6_1,CG,
55927_2005_plant_owned_17539,f1_steam_2005_12_159_6_1,CG,Capacity off but still seems like right map
55927_2004_plant_owned_17539,f1_steam_2004_12_159_6_1,CG,Capacity off but still seems like right map
3804_gt_2019_plant_prime_mover_total_19876,f1_steam_2019_12_186_5_1,CF,
50555_2018_plant_total_19876,f1_steam_2018_12_186_6_1,CF,
50555_2019_plant_total_19876,f1_steam_2019_12_186_6_1,CF,
3285_4_2018_plant_gen_total_17539,f1_steam_2018_12_159_1_5,CF,
3285_4_2019_plant_gen_total_17539,f1_steam_2019_12_159_1_5,CF,
3285_5_2018_plant_gen_total_17539,f1_steam_2018_12_159_2_1,CF,
3285_5_2019_plant_gen_total_17539,f1_steam_2019_12_159_2_1,CF,
3285_2018_plant_total_17539,f1_steam_2018_12_159_2_3,CF,
3285_2019_plant_total_17539,f1_steam_2019_12_159_2_3,CF,
3295_gt4_2018_plant_gen_total_17539,f1_steam_2018_12_159_3_3,CF,
3295_gt4_2019_plant_gen_total_17539,f1_steam_2019_12_159_3_3,CF,
3281_1_2019_plant_gen_total_17539,f1_steam_2019_12_159_4_1,CF,
3281_2_2018_plant_gen_total_17539,f1_steam_2018_12_159_4_2,CF,
3281_2_2019_plant_gen_total_17539,f1_steam_2019_12_159_4_2,CF,
3285_6_2018_plant_gen_total_17539,f1_steam_2018_12_159_2_2,CF,
3285_6_2019_plant_gen_total_17539,f1_steam_2019_12_159_2_2,CF,
56807_2019_plant_total_19876,f1_steam_2019_12_186_6_2,CF,
56808_2019_plant_total_19876,f1_steam_2019_12_186_6_3,CF,
6127_1_2018_plant_gen_owned_17539,f1_steam_2018_12_159_0_1,CF,"Metrics match the OWNED portion of V C Summer 1 (2/3 ownership), not the TOTAL"
6127_1_2019_plant_gen_owned_17539,f1_steam_2019_12_159_0_1,CF,"Metrics match the OWNED portion of V C Summer 1 (2/3 ownership), not the TOTAL"
55939_2019_plant_total_19876,f1_steam_2019_12_186_7_1,CF,
60422_2019_plant_total_19876,f1_steam_2019_12_186_7_2,CF,
58260_2019_plant_total_19876,f1_steam_2019_12_186_7_3,CF,
60319_2018_plant_total_19876,f1_steam_2018_12_186_8_1,CF,
60319_2019_plant_total_19876,f1_steam_2019_12_186_8_1,CF,
60318_2018_plant_total_19876,f1_steam_2018_12_186_8_2,CF,
60318_2019_plant_total_19876,f1_steam_2019_12_186_8_2,CF,
60316_2018_plant_total_19876,f1_steam_2018_12_186_8_3,CF,
60316_2019_plant_total_19876,f1_steam_2019_12_186_8_3,CF,
60584_2018_plant_total_19876,f1_steam_2018_12_186_8_4,CF,
60584_2019_plant_total_19876,f1_steam_2019_12_186_8_4,CF,
59685_2018_plant_total_19876,f1_steam_2018_12_186_8_5,CF,
59685_2019_plant_total_19876,f1_steam_2019_12_186_8_5,CF,
61023_2019_plant_total_19876,f1_steam_2019_12_186_7_4,CF,
55386_2018_plant_total_17539,f1_steam_2018_12_159_5_5,CF,
55386_2019_plant_total_17539,f1_steam_2019_12_159_5_4,CF,
6168_hy_2019_plant_prime_mover_total_19876,f1_gnrt_plant_2019_12_186_0_3,CF,
3289_2018_plant_total_17539,f1_gnrt_plant_2018_12_159_0_3,CF,"Metrics look like they match Neal Shoals, but FERC error where everything is multiplied by 1000"
3289_2019_plant_total_17539,f1_gnrt_plant_2019_12_159_0_3,CF,"Metrics look like they match Neal Shoals, but FERC error where everything is multiplied by 1000"
2758_2019_plant_total_19876,f1_hydro_2019_12_186_0_1,CF,
2756_2018_plant_total_19876,f1_hydro_2018_12_186_0_2,CF,
2756_2019_plant_total_19876,f1_hydro_2019_12_186_0_2,CF,
3290_2018_plant_total_17539,f1_hydro_2018_12_159_0_1,CF,
3293_2018_plant_total_17539,f1_hydro_2018_12_159_0_2,CF,
3293_2019_plant_total_17539,f1_hydro_2019_12_159_0_2,CF,
736_2018_plant_total_17539,f1_hydro_2018_12_159_0_3,CF,
736_2019_plant_total_17539,f1_hydro_2019_12_159_0_3,CF,
6167_2018_plant_owned_19876,f1_pumped_storage_2018_12_186_0_1,CF,"Matches OWNED, not TOTAL"
6167_2019_plant_owned_19876,f1_pumped_storage_2019_12_186_0_1,CF,"Matches OWNED, not TOTAL"
6126_2018_plant_total_17539,f1_pumped_storage_2018_12_159_0_1,CF,
6126_2019_plant_total_17539,f1_pumped_storage_2019_12_159_0_1,CF,
56818_2019_plant_total_22500,f1_steam_2019_12_191_0_5,AS,
56502_2019_plant_total_22500,f1_steam_2019_12_191_0_4,AS,
56819_2019_plant_total_22500,f1_steam_2019_12_191_1_4,AS,
1240_gt_2019_plant_prime_mover_total_10005,f1_steam_2019_12_191_0_2,AS,
1240_ic_2019_plant_prime_mover_total_10005,f1_steam_2019_12_80_0_2,AS,
6074_gt_2019_plant_prime_mover_total_56211,f1_steam_2019_12_182_0_5,AS,slightly different capacity 258
6074_pv_2019_plant_prime_mover_total_56211,f1_gnrt_plant_2019_12_182_0_2,AS,
2079_1_2019_plant_unit_total_10000,f1_steam_2019_12_79_0_2,AS,slightly different capacity 569
2079_2_2019_plant_unit_total_10000,f1_steam_2019_12_79_0_3,AS,slightly different capacity 312
2079_gt_2019_plant_prime_mover_total_10000,f1_steam_2019_12_79_0_4,AS,
1248_gt_2019_plant_prime_mover_total_22500,f1_steam_2019_12_191_1_1,AS,no good capacity match for 2019 (was good match in 2018). Record selected has capacity of 283 but it appears to be the equivalent record to the previous year
1248_ic_2019_plant_prime_mover_total_22500,f1_steam_2019_12_191_1_2,AS,
2098_gt_2019_plant_prime_mover_total_56211,f1_steam_2019_12_182_1_4,AS,
2098_st_2019_plant_prime_mover_total_56211,f1_steam_2019_12_182_1_3,AS,
2080_2_2019_plant_unit_total_10000_retired,f1_steam_2019_12_79_0_1,AS,
2090_2019_plant_total_56211,f1_steam_2019_12_182_1_1,AS,
7928_1_2019_plant_gen_total_10000,f1_steam_2019_12_79_0_5,AS,
2092_2019_plant_total_56211,f1_steam_2019_12_182_0_2,AS,
2094_2019_plant_total_56211_retired,f1_steam_2019_12_182_0_1,AS,
56151_2019_plant_total_56211,f1_steam_2019_12_182_1_2,AS,slightly different capacity 351
56351_2019_plant_total_10000,f1_gnrt_plant_2019_12_79_0_1,AS,
55651_2019_plant_total_22500,f1_steam_2019_12_191_0_3,AS,slightly different capacity  338
58024_2019_plant_total_56211,f1_gnrt_plant_2019_12_182_0_1,AS,
7296_2019_plant_owned_22500,f1_steam_2019_12_276_0_1,AS,
1252_7_2019_plant_gen_total_22500_retired,f1_steam_2019_12_191_0_1,AS,
7929_2019_plant_total_10000,f1_steam_2019_12_79_1_5,AS,
60689_2019_plant_total_22500,f1_steam_2019_12_191_2_1,AS,
6074_pv_2018_plant_prime_mover_total_56211,f1_gnrt_plant_2018_12_182_0_2,AS,
2079_5_2018_plant_gen_total_10000,f1_steam_2018_12_79_0_2,AS,
2079_gt_2010_plant_prime_mover_owned_10000,f1_steam_2010_12_79_0_4,CG,
2079_gt_2009_plant_prime_mover_total_10000,f1_steam_2009_12_79_0_4,CG,
2079_gt_2005_plant_prime_mover_total_10000,f1_steam_2005_12_79_0_5,CG,
2079_gt_2004_plant_prime_mover_owned_10000,f1_steam_2004_12_79_0_5,CG,
1248_gt_2018_plant_prime_mover_total_22500,f1_steam_2018_12_191_1_1,AS,
6065_1_2019_plant_unit_total_10000,f1_steam_2019_12_79_1_1,AS,
6065_1_2019_plant_unit_owned_10000,f1_steam_2019_12_79_1_2,AS,
6065_2_2019_plant_unit_total_10000,f1_steam_2019_12_79_1_3,AS,
6065_2_2019_plant_unit_owned_10000,f1_steam_2019_12_79_1_4,AS,
6065_1_2019_plant_unit_owned_56211,f1_steam_2019_12_182_1_5,AS,
6065_2_2019_plant_unit_owned_56211,f1_steam_2019_12_182_2_1,AS,
6065_1_2018_plant_unit_total_10000,f1_steam_2018_12_79_1_1,AS,
6065_1_2018_plant_unit_owned_10000,f1_steam_2018_12_79_1_2,AS,
6065_2_2018_plant_unit_total_10000,f1_steam_2018_12_79_1_3,AS,
6065_2_2018_plant_unit_owned_10000,f1_steam_2018_12_79_1_4,AS,
6065_1_2018_plant_unit_owned_56211,f1_steam_2018_12_182_1_5,AS,
6065_2_2018_plant_unit_owned_56211,f1_steam_2018_12_182_2_1,AS,
6065_1_2018_plant_unit_owned_5860,f1_steam_2018_12_51_0_5,,
6065_2_2017_plant_unit_owned_56211,f1_steam_2017_12_182_2_1,CG,
6065_2_2016_plant_unit_owned_56211,f1_steam_2016_12_182_2_1,CG,
6065_2_2015_plant_unit_owned_56211,f1_steam_2015_12_182_2_1,CG,
6065_2_2014_plant_unit_owned_56211,f1_steam_2014_12_182_2_1,CG,Capactiy and name in line with owned plant-part but net gen is more analogous to the total
1241_1_2009_plant_unit_owned_10000,f1_steam_2009_12_80_0_4,CG,
1241_1_2008_plant_gen_total_10005,f1_steam_2008_12_80_0_4,CG,
1241_2_2009_plant_unit_owned_10005,f1_steam_2009_12_80_0_5,CG,
1241_2_2008_plant_gen_owned_10005,f1_steam_2008_12_80_0_5,CG,
56151_2018_plant_total_56211,f1_steam_2018_12_182_1_2,AS,
56151_2017_plant_owned_56211,f1_steam_2017_12_182_1_2,CG,Net gen off
56151_2015_plant_owned_56211,f1_steam_2015_12_182_1_2,CG,
56151_2014_plant_total_56211,f1_steam_2014_12_182_1_2,CG,
56151_2013_plant_owned_56211,f1_steam_2013_12_182_1_2,CG,
56151_2010_plant_total_56211,f1_steam_2010_12_182_1_2,CG,
56151_2009_plant_total_56211,f1_steam_2009_12_182_1_2,CG,
56151_2007_plant_owned_770,f1_steam_2007_12_182_3_5,CG,No EIA net gen
56151_2006_plant_owned_770,f1_steam_2006_12_182_3_5,CG,No EIA net gen
56351_2018_plant_total_10000,f1_gnrt_plant_2018_12_79_0_1,AS,
55651_2018_plant_total_22500,f1_steam_2018_12_191_0_3,AS,
58024_2018_plant_total_56211,f1_gnrt_plant_2018_12_182_0_1,AS,
58697_2017_plant_owned_3046,f1_steam_2017_12_17_2_5,CG,capacity in FERC unexpectedly high this year
2713_2014_plant_owned_3046,f1_steam_2014_12_17_2_4,CG,
2713_gt_2013_plant_prime_mover_owned_3046,f1_steam_2013_12_17_2_4,CG,
2713_gt_2012_plant_prime_mover_owned_3046,f1_steam_2012_12_17_3_4,CG,
2713_gt_2011_plant_prime_mover_owned_3046,f1_steam_2011_12_17_2_4,CG,
2713_gt_2010_plant_prime_mover_owned_3046,f1_steam_2010_12_17_2_4,CG,
2713_gt_2009_plant_prime_mover_owned_3046,f1_steam_2009_12_17_2_4,CG,
